{
  "name": "Hina's Theme",
  "tempo": 90,
  "notes": {
    "piano": [
      {
        "note": "G4",
        "time": 1,
        "lane": 1
      },
      {
        "note": "C5",
        "time": 3,
        "lane": 3
      },
      {
        "note": "C5",
        "time": 6,
        "lane": 3
      },
      {
        "note": "C5",
        "time": 7,
        "lane": 3
      },
      {
        "note": "D5",
        "time": 8,
        "lane": 4
      },
      {
        "note": "E5",
        "time": 9,
        "lane": 4
      },
      {
        "note": "D5",
        "time": 13,
        "lane": 3
      },
      {
        "note": "C5",
        "time": 14,
        "lane": 2
      },
      {
        "note": "A4",
        "time": 15,
        "lane": 1
      },
      {
        "note": "C5",
        "time": 19,
        "lane": 3
      },
      {
        "note": "D5",
        "time": 20,
        "lane": 4
      },
      {
        "note": "G4",
        "time": 21,
        "lane": 1
      }
    ]
  },
  "end": 26
}
