{
  "name": "Pictures of my Heart",
  "tempo": 150,
  "instruments": ["piano", "drums", "metronome"],
  "notes": {
    "piano": [
      {
        "note": "G4",
        "time": 1,
        "lane": 1
      },
      {
        "note": "C5",
        "time": 3,
        "lane": 3
      },
      {
        "note": "C5",
        "time": 6,
        "lane": 3
      },
      {
        "note": "C5",
        "time": 7,
        "lane": 3
      },
      {
        "note": "D5",
        "time": 8,
        "lane": 4
      },
      {
        "note": "A4",
        "time": 9,
        "lane": 2
      },
      {
        "note": "E5",
        "time": 9,
        "lane": 4
      },
      {
        "note": "D5",
        "time": 13,
        "lane": 3
      },
      {
        "note": "C5",
        "time": 14,
        "lane": 2
      },
      {
        "note": "A4",
        "time": 15,
        "lane": 1
      },
      {
        "note": "C5",
        "time": 19,
        "lane": 3
      },
      {
        "note": "D5",
        "time": 20,
        "lane": 4
      },
      {
        "note": "G4",
        "time": 21,
        "lane": 1
      }
    ],
    "drums": [
      {
        "note": "kick",
        "time": 3,
        "lane": 1
      },
      {
        "note": "snare",
        "time": 5,
        "lane": 3
      },
      {
        "note": "kick",
        "time": 7,
        "lane": 1
      },
      {
        "note": "snare",
        "time": 9,
        "lane": 3
      },
      {
        "note": "kick",
        "time": 11,
        "lane": 1
      },
      {
        "note": "snare",
        "time": 13,
        "lane": 3
      },
      {
        "note": "clive",
        "time": 14,
        "lane": 2
      },
      {
        "note": "clive",
        "time": 16,
        "lane": 2
      },
      {
        "note": "kick",
        "time": 17,
        "lane": 1
      },
      {
        "note": "snare",
        "time": 18,
        "lane": 3
      },
      {
        "note": "snare",
        "time": 19,
        "lane": 3
      },
      {
        "note": "crash",
        "time": 20,
        "lane": 4
      }
    ],
    "metronome": [
      {
        "note": "up",
        "time": 3,
        "lane": 1
      },
      {
        "note": "down",
        "time": 5,
        "lane": 3
      },
      {
        "note": "up",
        "time": 7,
        "lane": 1
      },
      {
        "note": "down",
        "time": 9,
        "lane": 3
      },
      {
        "note": "up",
        "time": 11,
        "lane": 1
      },
      {
        "note": "down",
        "time": 13,
        "lane": 3
      },
      {
        "note": "up",
        "time": 15,
        "lane": 1
      },
      {
        "note": "down",
        "time": 17,
        "lane": 3
      },
      {
        "note": "up",
        "time": 19,
        "lane": 1
      },
      {
        "note": "down",
        "time": 21,
        "lane": 3
      }
    ]
  },
  "end": 26
}
